id;created_date;created_user;updated_date;updated_user;name;description;image_url
32775c3f-2f3c-4d1d-a6d0-6902eedde862;2023-04-12T07:55:01;Kentucky Belarussian;2023-04-13T03:21:46;hacking Chad harness;red Dominica;Tasty methodologies Realigned;Chicken Overpass
9a01d973-5e92-4c34-95ee-3f4c1191a8ee;2023-04-13T00:43:10;Loan connecting systems;2023-04-13T01:41:00;open-source Avon;Borders invoice Sleek;Central;Saint Money Fresh
4e5b9388-eeb3-498b-a1f8-264e71884ae7;2023-04-12T10:40:45;Armenian;2023-04-13T01:28:59;Agent circuit;6th;UIC-Franc;Pennsylvania Unbranded
565ef17a-5527-48d1-92bf-7fced8b1a11f;2023-04-12T23:45:09;Intranet mint Supervisor;2023-04-12T13:27:20;PNG Personal;circuit black interface;moratorium;Sausages
1e27b779-c26b-4600-966f-63fbea1c4da4;2023-04-12T17:43:24;Account Refined;2023-04-13T05:48:08;adapter;neural Licensed;Rubber Dynamic application;French incubate green
f79fa5b8-4a1e-441f-bdd0-05f83a15853b;2023-04-13T07:29:47;indigo payment;2023-04-12T15:34:11;Tools quantify;SMS Personal;generate;Ball
fe295e97-e722-4a2f-a070-50b5374c9c7e;2023-04-13T01:36:46;Re-contextualized;2023-04-12T12:48:23;streamline;enterprise Keyboard Brazil;Generic;Cheese
20c62a6d-db61-4099-9a3b-b479c49032cd;2023-04-12T13:16:52;web payment;2023-04-12T11:51:46;Open-architected;Buckinghamshire Intelligent;Baby withdrawal Toys;Avon
1550b302-3024-45be-98aa-230f53722d81;2023-04-12T19:45:06;Chair Belarussian;2023-04-13T03:23:56;overriding Western Brand;sky;Cotton Granite up;Cambridgeshire Accountability quantifying
1c64b0c4-8a7c-43d0-8fdb-661587f52d82;2023-04-12T09:26:03;time-frame connecting;2023-04-13T05:18:34;Front-line Rustic;Persevering Car copying;overriding synthesizing;River Manat
